# source-commit	beff256b491e20508eab0319b23547ff145cfd04
# cargo-lock-sha256	01b65d23eb9d3c589b7f50bd79d9f0ebc7454e836f0abd05734b838952c5437a
package	version	declared_license	source
addr2line	0.25.1	Apache-2.0 OR MIT	registry+https://github.com/rust-lang/crates.io-index
adler2	2.0.1	0BSD OR MIT OR Apache-2.0	registry+https://github.com/rust-lang/crates.io-index
aho-corasick	1.1.4	Unlicense OR MIT	registry+https://github.com/rust-lang/crates.io-index
alloca	0.4.0	MIT	registry+https://github.com/rust-lang/crates.io-index
allocator-api2	0.2.21	MIT OR Apache-2.0	registry+https://github.com/rust-lang/crates.io-index
android_system_properties	0.1.5	MIT/Apache-2.0	registry+https://github.com/rust-lang/crates.io-index
anes	0.1.6	MIT OR Apache-2.0	registry+https://github.com/rust-lang/crates.io-index
anstream	0.6.21	MIT OR Apache-2.0	registry+https://github.com/rust-lang/crates.io-index
anstyle	1.0.13	MIT OR Apache-2.0	registry+https://github.com/rust-lang/crates.io-index
anstyle-parse	0.2.7	MIT OR Apache-2.0	registry+https://github.com/rust-lang/crates.io-index
anstyle-query	1.1.5	MIT OR Apache-2.0	registry+https://github.com/rust-lang/crates.io-index
anstyle-wincon	3.0.11	MIT OR Apache-2.0	registry+https://github.com/rust-lang/crates.io-index
anyhow	1.0.101	MIT OR Apache-2.0	registry+https://github.com/rust-lang/crates.io-index
arc-swap	1.8.1	MIT OR Apache-2.0	registry+https://github.com/rust-lang/crates.io-index
assert_cmd	2.1.2	MIT OR Apache-2.0	registry+https://github.com/rust-lang/crates.io-index
autocfg	1.5.0	Apache-2.0 OR MIT	registry+https://github.com/rust-lang/crates.io-index
backtrace	0.3.76	MIT OR Apache-2.0	registry+https://github.com/rust-lang/crates.io-index
base64	0.22.1	MIT OR Apache-2.0	registry+https://github.com/rust-lang/crates.io-index
beads_rust	0.1.14	MIT	git+https://github.com/Dicklesworthstone/beads_rust.git#beff256b491e20508eab0319b23547ff145cfd04
bincode	1.3.3	MIT	registry+https://github.com/rust-lang/crates.io-index
bit-set	0.8.0	Apache-2.0 OR MIT	registry+https://github.com/rust-lang/crates.io-index
bit-vec	0.8.0	Apache-2.0 OR MIT	registry+https://github.com/rust-lang/crates.io-index
bitflags	2.10.0	MIT OR Apache-2.0	registry+https://github.com/rust-lang/crates.io-index
block-buffer	0.10.4	MIT OR Apache-2.0	registry+https://github.com/rust-lang/crates.io-index
bstr	1.12.1	MIT OR Apache-2.0	registry+https://github.com/rust-lang/crates.io-index
bumpalo	3.19.1	MIT OR Apache-2.0	registry+https://github.com/rust-lang/crates.io-index
byteorder	1.5.0	Unlicense OR MIT	registry+https://github.com/rust-lang/crates.io-index
camino	1.2.2	MIT OR Apache-2.0	registry+https://github.com/rust-lang/crates.io-index
cargo-platform	0.3.0	MIT OR Apache-2.0	registry+https://github.com/rust-lang/crates.io-index
cargo_metadata	0.23.1	MIT	registry+https://github.com/rust-lang/crates.io-index
cast	0.3.0	MIT OR Apache-2.0	registry+https://github.com/rust-lang/crates.io-index
cc	1.2.55	MIT OR Apache-2.0	registry+https://github.com/rust-lang/crates.io-index
cfg-if	1.0.4	MIT OR Apache-2.0	registry+https://github.com/rust-lang/crates.io-index
chrono	0.4.43	MIT OR Apache-2.0	registry+https://github.com/rust-lang/crates.io-index
ciborium	0.2.2	Apache-2.0	registry+https://github.com/rust-lang/crates.io-index
ciborium-io	0.2.2	Apache-2.0	registry+https://github.com/rust-lang/crates.io-index
ciborium-ll	0.2.2	Apache-2.0	registry+https://github.com/rust-lang/crates.io-index
clap	4.5.58	MIT OR Apache-2.0	registry+https://github.com/rust-lang/crates.io-index
clap_builder	4.5.58	MIT OR Apache-2.0	registry+https://github.com/rust-lang/crates.io-index
clap_complete	4.5.66	MIT OR Apache-2.0	registry+https://github.com/rust-lang/crates.io-index
clap_derive	4.5.55	MIT OR Apache-2.0	registry+https://github.com/rust-lang/crates.io-index
clap_lex	1.0.0	MIT OR Apache-2.0	registry+https://github.com/rust-lang/crates.io-index
clru	0.6.2	MIT	registry+https://github.com/rust-lang/crates.io-index
colorchoice	1.0.4	MIT OR Apache-2.0	registry+https://github.com/rust-lang/crates.io-index
console	0.15.11	MIT	registry+https://github.com/rust-lang/crates.io-index
console	0.16.2	MIT	registry+https://github.com/rust-lang/crates.io-index
convert_case	0.10.0	MIT	registry+https://github.com/rust-lang/crates.io-index
core-foundation-sys	0.8.7	MIT OR Apache-2.0	registry+https://github.com/rust-lang/crates.io-index
cpufeatures	0.2.17	MIT OR Apache-2.0	registry+https://github.com/rust-lang/crates.io-index
crc32fast	1.5.0	MIT OR Apache-2.0	registry+https://github.com/rust-lang/crates.io-index
criterion	0.8.2	Apache-2.0 OR MIT	registry+https://github.com/rust-lang/crates.io-index
criterion-plot	0.8.2	Apache-2.0 OR MIT	registry+https://github.com/rust-lang/crates.io-index
crossbeam-deque	0.8.6	MIT OR Apache-2.0	registry+https://github.com/rust-lang/crates.io-index
crossbeam-epoch	0.9.18	MIT OR Apache-2.0	registry+https://github.com/rust-lang/crates.io-index
crossbeam-utils	0.8.21	MIT OR Apache-2.0	registry+https://github.com/rust-lang/crates.io-index
crossterm	0.28.1	MIT	registry+https://github.com/rust-lang/crates.io-index
crossterm	0.29.0	MIT	registry+https://github.com/rust-lang/crates.io-index
crossterm_winapi	0.9.1	MIT	registry+https://github.com/rust-lang/crates.io-index
crunchy	0.2.4	MIT	registry+https://github.com/rust-lang/crates.io-index
crypto-common	0.1.7	MIT OR Apache-2.0	registry+https://github.com/rust-lang/crates.io-index
darling	0.20.11	MIT	registry+https://github.com/rust-lang/crates.io-index
darling_core	0.20.11	MIT	registry+https://github.com/rust-lang/crates.io-index
darling_macro	0.20.11	MIT	registry+https://github.com/rust-lang/crates.io-index
dashmap	6.1.0	MIT	registry+https://github.com/rust-lang/crates.io-index
deranged	0.5.6	MIT OR Apache-2.0	registry+https://github.com/rust-lang/crates.io-index
derive_builder	0.20.2	MIT OR Apache-2.0	registry+https://github.com/rust-lang/crates.io-index
derive_builder_core	0.20.2	MIT OR Apache-2.0	registry+https://github.com/rust-lang/crates.io-index
derive_builder_macro	0.20.2	MIT OR Apache-2.0	registry+https://github.com/rust-lang/crates.io-index
derive_more	2.1.1	MIT	registry+https://github.com/rust-lang/crates.io-index
derive_more-impl	2.1.1	MIT	registry+https://github.com/rust-lang/crates.io-index
difflib	0.4.0	MIT	registry+https://github.com/rust-lang/crates.io-index
digest	0.10.7	MIT OR Apache-2.0	registry+https://github.com/rust-lang/crates.io-index
document-features	0.2.12	MIT OR Apache-2.0	registry+https://github.com/rust-lang/crates.io-index
dunce	1.0.5	CC0-1.0 OR MIT-0 OR Apache-2.0	registry+https://github.com/rust-lang/crates.io-index
dyn-clone	1.0.20	MIT OR Apache-2.0	registry+https://github.com/rust-lang/crates.io-index
either	1.15.0	MIT OR Apache-2.0	registry+https://github.com/rust-lang/crates.io-index
encode_unicode	1.0.0	Apache-2.0 OR MIT	registry+https://github.com/rust-lang/crates.io-index
encoding_rs	0.8.35	(Apache-2.0 OR MIT) AND BSD-3-Clause	registry+https://github.com/rust-lang/crates.io-index
equivalent	1.0.2	Apache-2.0 OR MIT	registry+https://github.com/rust-lang/crates.io-index
errno	0.3.14	MIT OR Apache-2.0	registry+https://github.com/rust-lang/crates.io-index
fallible-iterator	0.3.0	MIT/Apache-2.0	registry+https://github.com/rust-lang/crates.io-index
fallible-streaming-iterator	0.1.9	MIT/Apache-2.0	registry+https://github.com/rust-lang/crates.io-index
fancy-regex	0.14.0	MIT	registry+https://github.com/rust-lang/crates.io-index
faster-hex	0.10.0	MIT	registry+https://github.com/rust-lang/crates.io-index
fastrand	2.3.0	Apache-2.0 OR MIT	registry+https://github.com/rust-lang/crates.io-index
filetime	0.2.27	MIT/Apache-2.0	registry+https://github.com/rust-lang/crates.io-index
find-msvc-tools	0.1.9	MIT OR Apache-2.0	registry+https://github.com/rust-lang/crates.io-index
flate2	1.1.9	MIT OR Apache-2.0	registry+https://github.com/rust-lang/crates.io-index
float-cmp	0.10.0	MIT	registry+https://github.com/rust-lang/crates.io-index
fnv	1.0.7	Apache-2.0 / MIT	registry+https://github.com/rust-lang/crates.io-index
foldhash	0.1.5	Zlib	registry+https://github.com/rust-lang/crates.io-index
foldhash	0.2.0	Zlib	registry+https://github.com/rust-lang/crates.io-index
generic-array	0.14.7	MIT	registry+https://github.com/rust-lang/crates.io-index
getopts	0.2.24	MIT OR Apache-2.0	registry+https://github.com/rust-lang/crates.io-index
getrandom	0.3.4	MIT OR Apache-2.0	registry+https://github.com/rust-lang/crates.io-index
getrandom	0.4.1	MIT OR Apache-2.0	registry+https://github.com/rust-lang/crates.io-index
gimli	0.32.3	MIT OR Apache-2.0	registry+https://github.com/rust-lang/crates.io-index
gix	0.77.0	MIT OR Apache-2.0	registry+https://github.com/rust-lang/crates.io-index
gix-actor	0.37.1	MIT OR Apache-2.0	registry+https://github.com/rust-lang/crates.io-index
gix-attributes	0.29.0	MIT OR Apache-2.0	registry+https://github.com/rust-lang/crates.io-index
gix-bitmap	0.2.16	MIT OR Apache-2.0	registry+https://github.com/rust-lang/crates.io-index
gix-chunk	0.4.12	MIT OR Apache-2.0	registry+https://github.com/rust-lang/crates.io-index
gix-command	0.6.5	MIT OR Apache-2.0	registry+https://github.com/rust-lang/crates.io-index
gix-commitgraph	0.31.0	MIT OR Apache-2.0	registry+https://github.com/rust-lang/crates.io-index
gix-config	0.50.0	MIT OR Apache-2.0	registry+https://github.com/rust-lang/crates.io-index
gix-config-value	0.16.0	MIT OR Apache-2.0	registry+https://github.com/rust-lang/crates.io-index
gix-date	0.12.1	MIT OR Apache-2.0	registry+https://github.com/rust-lang/crates.io-index
gix-diff	0.57.1	MIT OR Apache-2.0	registry+https://github.com/rust-lang/crates.io-index
gix-dir	0.19.0	MIT OR Apache-2.0	registry+https://github.com/rust-lang/crates.io-index
gix-discover	0.45.0	MIT OR Apache-2.0	registry+https://github.com/rust-lang/crates.io-index
gix-features	0.45.2	MIT OR Apache-2.0	registry+https://github.com/rust-lang/crates.io-index
gix-filter	0.24.1	MIT OR Apache-2.0	registry+https://github.com/rust-lang/crates.io-index
gix-fs	0.18.2	MIT OR Apache-2.0	registry+https://github.com/rust-lang/crates.io-index
gix-glob	0.23.0	MIT OR Apache-2.0	registry+https://github.com/rust-lang/crates.io-index
gix-hash	0.21.2	MIT OR Apache-2.0	registry+https://github.com/rust-lang/crates.io-index
gix-hashtable	0.11.0	MIT OR Apache-2.0	registry+https://github.com/rust-lang/crates.io-index
gix-ignore	0.18.0	MIT OR Apache-2.0	registry+https://github.com/rust-lang/crates.io-index
gix-index	0.45.1	MIT OR Apache-2.0	registry+https://github.com/rust-lang/crates.io-index
gix-lock	20.0.1	MIT OR Apache-2.0	registry+https://github.com/rust-lang/crates.io-index
gix-object	0.54.1	MIT OR Apache-2.0	registry+https://github.com/rust-lang/crates.io-index
gix-odb	0.74.0	MIT OR Apache-2.0	registry+https://github.com/rust-lang/crates.io-index
gix-pack	0.64.1	MIT OR Apache-2.0	registry+https://github.com/rust-lang/crates.io-index
gix-packetline	0.20.0	MIT OR Apache-2.0	registry+https://github.com/rust-lang/crates.io-index
gix-path	0.10.22	MIT OR Apache-2.0	registry+https://github.com/rust-lang/crates.io-index
gix-pathspec	0.14.0	MIT OR Apache-2.0	registry+https://github.com/rust-lang/crates.io-index
gix-protocol	0.55.0	MIT OR Apache-2.0	registry+https://github.com/rust-lang/crates.io-index
gix-quote	0.6.2	MIT OR Apache-2.0	registry+https://github.com/rust-lang/crates.io-index
gix-ref	0.57.0	MIT OR Apache-2.0	registry+https://github.com/rust-lang/crates.io-index
gix-refspec	0.35.0	MIT OR Apache-2.0	registry+https://github.com/rust-lang/crates.io-index
gix-revision	0.39.0	MIT OR Apache-2.0	registry+https://github.com/rust-lang/crates.io-index
gix-revwalk	0.25.0	MIT OR Apache-2.0	registry+https://github.com/rust-lang/crates.io-index
gix-sec	0.12.2	MIT OR Apache-2.0	registry+https://github.com/rust-lang/crates.io-index
gix-shallow	0.7.0	MIT OR Apache-2.0	registry+https://github.com/rust-lang/crates.io-index
gix-status	0.24.0	MIT OR Apache-2.0	registry+https://github.com/rust-lang/crates.io-index
gix-submodule	0.24.0	MIT OR Apache-2.0	registry+https://github.com/rust-lang/crates.io-index
gix-tempfile	20.0.1	MIT OR Apache-2.0	registry+https://github.com/rust-lang/crates.io-index
gix-trace	0.1.18	MIT OR Apache-2.0	registry+https://github.com/rust-lang/crates.io-index
gix-transport	0.52.1	MIT OR Apache-2.0	registry+https://github.com/rust-lang/crates.io-index
gix-traverse	0.51.1	MIT OR Apache-2.0	registry+https://github.com/rust-lang/crates.io-index
gix-url	0.34.0	MIT OR Apache-2.0	registry+https://github.com/rust-lang/crates.io-index
gix-utils	0.3.1	MIT OR Apache-2.0	registry+https://github.com/rust-lang/crates.io-index
gix-validate	0.10.1	MIT OR Apache-2.0	registry+https://github.com/rust-lang/crates.io-index
gix-worktree	0.46.0	MIT OR Apache-2.0	registry+https://github.com/rust-lang/crates.io-index
half	2.7.1	MIT OR Apache-2.0	registry+https://github.com/rust-lang/crates.io-index
hash32	0.3.1	MIT OR Apache-2.0	registry+https://github.com/rust-lang/crates.io-index
hashbrown	0.14.5	MIT OR Apache-2.0	registry+https://github.com/rust-lang/crates.io-index
hashbrown	0.15.5	MIT OR Apache-2.0	registry+https://github.com/rust-lang/crates.io-index
hashbrown	0.16.1	MIT OR Apache-2.0	registry+https://github.com/rust-lang/crates.io-index
hashlink	0.11.0	MIT OR Apache-2.0	registry+https://github.com/rust-lang/crates.io-index
heapless	0.8.0	MIT OR Apache-2.0	registry+https://github.com/rust-lang/crates.io-index
heck	0.5.0	MIT OR Apache-2.0	registry+https://github.com/rust-lang/crates.io-index
iana-time-zone	0.1.65	MIT OR Apache-2.0	registry+https://github.com/rust-lang/crates.io-index
iana-time-zone-haiku	0.1.2	MIT OR Apache-2.0	registry+https://github.com/rust-lang/crates.io-index
id-arena	2.3.0	MIT/Apache-2.0	registry+https://github.com/rust-lang/crates.io-index
ident_case	1.0.1	MIT/Apache-2.0	registry+https://github.com/rust-lang/crates.io-index
imara-diff	0.1.8	Apache-2.0	registry+https://github.com/rust-lang/crates.io-index
indexmap	2.13.0	Apache-2.0 OR MIT	registry+https://github.com/rust-lang/crates.io-index
indicatif	0.18.3	MIT	registry+https://github.com/rust-lang/crates.io-index
insta	1.46.3	Apache-2.0	registry+https://github.com/rust-lang/crates.io-index
is_executable	1.0.5	MIT OR Apache-2.0	registry+https://github.com/rust-lang/crates.io-index
is_terminal_polyfill	1.70.2	MIT OR Apache-2.0	registry+https://github.com/rust-lang/crates.io-index
itertools	0.13.0	MIT OR Apache-2.0	registry+https://github.com/rust-lang/crates.io-index
itoa	1.0.17	MIT OR Apache-2.0	registry+https://github.com/rust-lang/crates.io-index
jiff	0.2.19	Unlicense OR MIT	registry+https://github.com/rust-lang/crates.io-index
jiff-static	0.2.19	Unlicense OR MIT	registry+https://github.com/rust-lang/crates.io-index
jiff-tzdb	0.1.5	Unlicense OR MIT	registry+https://github.com/rust-lang/crates.io-index
jiff-tzdb-platform	0.1.3	Unlicense OR MIT	registry+https://github.com/rust-lang/crates.io-index
js-sys	0.3.85	MIT OR Apache-2.0	registry+https://github.com/rust-lang/crates.io-index
kstring	2.0.2	MIT OR Apache-2.0	registry+https://github.com/rust-lang/crates.io-index
lazy_static	1.5.0	MIT OR Apache-2.0	registry+https://github.com/rust-lang/crates.io-index
leb128fmt	0.1.0	MIT OR Apache-2.0	registry+https://github.com/rust-lang/crates.io-index
libc	0.2.181	MIT OR Apache-2.0	registry+https://github.com/rust-lang/crates.io-index
libredox	0.1.12	MIT	registry+https://github.com/rust-lang/crates.io-index
libsqlite3-sys	0.36.0	MIT	registry+https://github.com/rust-lang/crates.io-index
linked-hash-map	0.5.6	MIT/Apache-2.0	registry+https://github.com/rust-lang/crates.io-index
linux-raw-sys	0.11.0	Apache-2.0 WITH LLVM-exception OR Apache-2.0 OR MIT	registry+https://github.com/rust-lang/crates.io-index
linux-raw-sys	0.4.15	Apache-2.0 WITH LLVM-exception OR Apache-2.0 OR MIT	registry+https://github.com/rust-lang/crates.io-index
litrs	1.0.0	MIT OR Apache-2.0	registry+https://github.com/rust-lang/crates.io-index
lock_api	0.4.14	MIT OR Apache-2.0	registry+https://github.com/rust-lang/crates.io-index
log	0.4.29	MIT OR Apache-2.0	registry+https://github.com/rust-lang/crates.io-index
lru	0.16.3	MIT	registry+https://github.com/rust-lang/crates.io-index
matchers	0.2.0	MIT	registry+https://github.com/rust-lang/crates.io-index
maybe-async	0.2.10	MIT	registry+https://github.com/rust-lang/crates.io-index
memchr	2.8.0	Unlicense OR MIT	registry+https://github.com/rust-lang/crates.io-index
memmap2	0.9.9	MIT OR Apache-2.0	registry+https://github.com/rust-lang/crates.io-index
miniz_oxide	0.8.9	MIT OR Zlib OR Apache-2.0	registry+https://github.com/rust-lang/crates.io-index
mio	1.1.1	MIT	registry+https://github.com/rust-lang/crates.io-index
normalize-line-endings	0.3.0	Apache-2.0	registry+https://github.com/rust-lang/crates.io-index
nu-ansi-term	0.50.3	MIT	registry+https://github.com/rust-lang/crates.io-index
num-bigint	0.4.6	MIT OR Apache-2.0	registry+https://github.com/rust-lang/crates.io-index
num-conv	0.1.0	MIT OR Apache-2.0	registry+https://github.com/rust-lang/crates.io-index
num-integer	0.1.46	MIT OR Apache-2.0	registry+https://github.com/rust-lang/crates.io-index
num-rational	0.4.2	MIT OR Apache-2.0	registry+https://github.com/rust-lang/crates.io-index
num-traits	0.2.19	MIT OR Apache-2.0	registry+https://github.com/rust-lang/crates.io-index
num_threads	0.1.7	MIT OR Apache-2.0	registry+https://github.com/rust-lang/crates.io-index
object	0.37.3	Apache-2.0 OR MIT	registry+https://github.com/rust-lang/crates.io-index
once_cell	1.21.3	MIT OR Apache-2.0	registry+https://github.com/rust-lang/crates.io-index
once_cell_polyfill	1.70.2	MIT OR Apache-2.0	registry+https://github.com/rust-lang/crates.io-index
onig	6.5.1	MIT	registry+https://github.com/rust-lang/crates.io-index
onig_sys	69.9.1	MIT	registry+https://github.com/rust-lang/crates.io-index
oorandom	11.1.5	MIT	registry+https://github.com/rust-lang/crates.io-index
os_pipe	1.2.3	MIT	registry+https://github.com/rust-lang/crates.io-index
page_size	0.6.0	MIT/Apache-2.0	registry+https://github.com/rust-lang/crates.io-index
parking_lot	0.12.5	MIT OR Apache-2.0	registry+https://github.com/rust-lang/crates.io-index
parking_lot_core	0.9.12	MIT OR Apache-2.0	registry+https://github.com/rust-lang/crates.io-index
percent-encoding	2.3.2	MIT OR Apache-2.0	registry+https://github.com/rust-lang/crates.io-index
pin-project-lite	0.2.16	Apache-2.0 OR MIT	registry+https://github.com/rust-lang/crates.io-index
pkg-config	0.3.32	MIT OR Apache-2.0	registry+https://github.com/rust-lang/crates.io-index
plist	1.8.0	MIT	registry+https://github.com/rust-lang/crates.io-index
plotters	0.3.7	MIT	registry+https://github.com/rust-lang/crates.io-index
plotters-backend	0.3.7	MIT	registry+https://github.com/rust-lang/crates.io-index
plotters-svg	0.3.7	MIT	registry+https://github.com/rust-lang/crates.io-index
portable-atomic	1.13.1	Apache-2.0 OR MIT	registry+https://github.com/rust-lang/crates.io-index
portable-atomic-util	0.2.5	Apache-2.0 OR MIT	registry+https://github.com/rust-lang/crates.io-index
powerfmt	0.2.0	MIT OR Apache-2.0	registry+https://github.com/rust-lang/crates.io-index
ppv-lite86	0.2.21	MIT OR Apache-2.0	registry+https://github.com/rust-lang/crates.io-index
predicates	3.1.4	MIT OR Apache-2.0	registry+https://github.com/rust-lang/crates.io-index
predicates-core	1.0.10	MIT OR Apache-2.0	registry+https://github.com/rust-lang/crates.io-index
predicates-tree	1.0.13	MIT OR Apache-2.0	registry+https://github.com/rust-lang/crates.io-index
prettyplease	0.2.37	MIT OR Apache-2.0	registry+https://github.com/rust-lang/crates.io-index
proc-macro2	1.0.106	MIT OR Apache-2.0	registry+https://github.com/rust-lang/crates.io-index
prodash	30.0.1	MIT	registry+https://github.com/rust-lang/crates.io-index
proptest	1.10.0	MIT OR Apache-2.0	registry+https://github.com/rust-lang/crates.io-index
pulldown-cmark	0.13.0	MIT	registry+https://github.com/rust-lang/crates.io-index
pulldown-cmark-escape	0.11.0	MIT	registry+https://github.com/rust-lang/crates.io-index
quick-error	1.2.3	MIT/Apache-2.0	registry+https://github.com/rust-lang/crates.io-index
quick-xml	0.38.4	MIT	registry+https://github.com/rust-lang/crates.io-index
quote	1.0.44	MIT OR Apache-2.0	registry+https://github.com/rust-lang/crates.io-index
r-efi	5.3.0	MIT OR Apache-2.0 OR LGPL-2.1-or-later	registry+https://github.com/rust-lang/crates.io-index
rand	0.9.2	MIT OR Apache-2.0	registry+https://github.com/rust-lang/crates.io-index
rand_chacha	0.9.0	MIT OR Apache-2.0	registry+https://github.com/rust-lang/crates.io-index
rand_core	0.9.5	MIT OR Apache-2.0	registry+https://github.com/rust-lang/crates.io-index
rand_xorshift	0.4.0	MIT OR Apache-2.0	registry+https://github.com/rust-lang/crates.io-index
rayon	1.11.0	MIT OR Apache-2.0	registry+https://github.com/rust-lang/crates.io-index
rayon-core	1.13.0	MIT OR Apache-2.0	registry+https://github.com/rust-lang/crates.io-index
redox_syscall	0.5.18	MIT	registry+https://github.com/rust-lang/crates.io-index
redox_syscall	0.7.0	MIT	registry+https://github.com/rust-lang/crates.io-index
regex	1.12.3	MIT OR Apache-2.0	registry+https://github.com/rust-lang/crates.io-index
regex-automata	0.4.14	MIT OR Apache-2.0	registry+https://github.com/rust-lang/crates.io-index
regex-syntax	0.8.9	MIT OR Apache-2.0	registry+https://github.com/rust-lang/crates.io-index
rich_rust	0.2.0	MIT	registry+https://github.com/rust-lang/crates.io-index
rsqlite-vfs	0.1.0	MIT	registry+https://github.com/rust-lang/crates.io-index
rusqlite	0.38.0	MIT	registry+https://github.com/rust-lang/crates.io-index
rustc-demangle	0.1.27	MIT/Apache-2.0	registry+https://github.com/rust-lang/crates.io-index
rustc_version	0.4.1	MIT OR Apache-2.0	registry+https://github.com/rust-lang/crates.io-index
rustix	0.38.44	Apache-2.0 WITH LLVM-exception OR Apache-2.0 OR MIT	registry+https://github.com/rust-lang/crates.io-index
rustix	1.1.3	Apache-2.0 WITH LLVM-exception OR Apache-2.0 OR MIT	registry+https://github.com/rust-lang/crates.io-index
rustversion	1.0.22	MIT OR Apache-2.0	registry+https://github.com/rust-lang/crates.io-index
rusty-fork	0.3.1	MIT/Apache-2.0	registry+https://github.com/rust-lang/crates.io-index
ryu	1.0.23	Apache-2.0 OR BSL-1.0	registry+https://github.com/rust-lang/crates.io-index
same-file	1.0.6	Unlicense/MIT	registry+https://github.com/rust-lang/crates.io-index
schemars	0.8.22	MIT	registry+https://github.com/rust-lang/crates.io-index
schemars_derive	0.8.22	MIT	registry+https://github.com/rust-lang/crates.io-index
scopeguard	1.2.0	MIT OR Apache-2.0	registry+https://github.com/rust-lang/crates.io-index
semver	1.0.27	MIT OR Apache-2.0	registry+https://github.com/rust-lang/crates.io-index
serde	1.0.228	MIT OR Apache-2.0	registry+https://github.com/rust-lang/crates.io-index
serde_core	1.0.228	MIT OR Apache-2.0	registry+https://github.com/rust-lang/crates.io-index
serde_derive	1.0.228	MIT OR Apache-2.0	registry+https://github.com/rust-lang/crates.io-index
serde_derive_internals	0.29.1	MIT OR Apache-2.0	registry+https://github.com/rust-lang/crates.io-index
serde_json	1.0.149	MIT OR Apache-2.0	registry+https://github.com/rust-lang/crates.io-index
serde_yaml	0.9.34+deprecated	MIT OR Apache-2.0	registry+https://github.com/rust-lang/crates.io-index
sha1	0.10.6	MIT OR Apache-2.0	registry+https://github.com/rust-lang/crates.io-index
sha1-checked	0.10.0	MIT OR Apache-2.0	registry+https://github.com/rust-lang/crates.io-index
sha2	0.10.9	MIT OR Apache-2.0	registry+https://github.com/rust-lang/crates.io-index
sharded-slab	0.1.7	MIT	registry+https://github.com/rust-lang/crates.io-index
shell-words	1.1.1	MIT/Apache-2.0	registry+https://github.com/rust-lang/crates.io-index
shlex	1.3.0	MIT OR Apache-2.0	registry+https://github.com/rust-lang/crates.io-index
signal-hook	0.3.18	Apache-2.0/MIT	registry+https://github.com/rust-lang/crates.io-index
signal-hook	0.4.3	MIT OR Apache-2.0	registry+https://github.com/rust-lang/crates.io-index
signal-hook-mio	0.2.5	MIT OR Apache-2.0	registry+https://github.com/rust-lang/crates.io-index
signal-hook-registry	1.4.8	MIT OR Apache-2.0	registry+https://github.com/rust-lang/crates.io-index
simd-adler32	0.3.8	MIT	registry+https://github.com/rust-lang/crates.io-index
similar	2.7.0	Apache-2.0	registry+https://github.com/rust-lang/crates.io-index
smallvec	1.15.1	MIT OR Apache-2.0	registry+https://github.com/rust-lang/crates.io-index
sqlite-wasm-rs	0.5.2	MIT	registry+https://github.com/rust-lang/crates.io-index
stable_deref_trait	1.2.1	MIT OR Apache-2.0	registry+https://github.com/rust-lang/crates.io-index
static_assertions	1.1.0	MIT OR Apache-2.0	registry+https://github.com/rust-lang/crates.io-index
stdio-override	0.2.0	MIT/Apache-2.0	registry+https://github.com/rust-lang/crates.io-index
strsim	0.11.1	MIT	registry+https://github.com/rust-lang/crates.io-index
syn	2.0.114	MIT OR Apache-2.0	registry+https://github.com/rust-lang/crates.io-index
syntect	5.3.0	MIT	registry+https://github.com/rust-lang/crates.io-index
tempfile	3.25.0	MIT OR Apache-2.0	registry+https://github.com/rust-lang/crates.io-index
termtree	0.5.1	MIT	registry+https://github.com/rust-lang/crates.io-index
thiserror	2.0.18	MIT OR Apache-2.0	registry+https://github.com/rust-lang/crates.io-index
thiserror-impl	2.0.18	MIT OR Apache-2.0	registry+https://github.com/rust-lang/crates.io-index
thread_local	1.1.9	MIT OR Apache-2.0	registry+https://github.com/rust-lang/crates.io-index
time	0.3.45	MIT OR Apache-2.0	registry+https://github.com/rust-lang/crates.io-index
time-core	0.1.7	MIT OR Apache-2.0	registry+https://github.com/rust-lang/crates.io-index
time-macros	0.2.25	MIT OR Apache-2.0	registry+https://github.com/rust-lang/crates.io-index
tinytemplate	1.2.1	Apache-2.0 OR MIT	registry+https://github.com/rust-lang/crates.io-index
tinyvec	1.10.0	Zlib OR Apache-2.0 OR MIT	registry+https://github.com/rust-lang/crates.io-index
tinyvec_macros	0.1.1	MIT OR Apache-2.0 OR Zlib	registry+https://github.com/rust-lang/crates.io-index
toon_rust	0.1.1	MIT	git+https://github.com/Dicklesworthstone/toon_rust.git?rev=788589d#788589d7b11a8bf2c88e364befe63d87eb890eba
tracing	0.1.44	MIT	registry+https://github.com/rust-lang/crates.io-index
tracing-attributes	0.1.31	MIT	registry+https://github.com/rust-lang/crates.io-index
tracing-core	0.1.36	MIT	registry+https://github.com/rust-lang/crates.io-index
tracing-log	0.2.0	MIT	registry+https://github.com/rust-lang/crates.io-index
tracing-serde	0.2.0	MIT	registry+https://github.com/rust-lang/crates.io-index
tracing-subscriber	0.3.22	MIT	registry+https://github.com/rust-lang/crates.io-index
typenum	1.19.0	MIT OR Apache-2.0	registry+https://github.com/rust-lang/crates.io-index
unarray	0.1.4	MIT OR Apache-2.0	registry+https://github.com/rust-lang/crates.io-index
unicase	2.9.0	MIT OR Apache-2.0	registry+https://github.com/rust-lang/crates.io-index
unicode-bom	2.0.3	Apache-2.0	registry+https://github.com/rust-lang/crates.io-index
unicode-ident	1.0.23	(MIT OR Apache-2.0) AND Unicode-3.0	registry+https://github.com/rust-lang/crates.io-index
unicode-normalization	0.1.25	MIT OR Apache-2.0	registry+https://github.com/rust-lang/crates.io-index
unicode-segmentation	1.12.0	MIT OR Apache-2.0	registry+https://github.com/rust-lang/crates.io-index
unicode-width	0.2.2	MIT OR Apache-2.0	registry+https://github.com/rust-lang/crates.io-index
unicode-xid	0.2.6	MIT OR Apache-2.0	registry+https://github.com/rust-lang/crates.io-index
unit-prefix	0.5.2	MIT	registry+https://github.com/rust-lang/crates.io-index
unsafe-libyaml	0.2.11	MIT	registry+https://github.com/rust-lang/crates.io-index
utf8parse	0.2.2	Apache-2.0 OR MIT	registry+https://github.com/rust-lang/crates.io-index
valuable	0.1.1	MIT	registry+https://github.com/rust-lang/crates.io-index
vcpkg	0.2.15	MIT/Apache-2.0	registry+https://github.com/rust-lang/crates.io-index
vergen	9.1.0	MIT OR Apache-2.0	registry+https://github.com/rust-lang/crates.io-index
vergen-gix	9.1.0	MIT OR Apache-2.0	registry+https://github.com/rust-lang/crates.io-index
vergen-lib	9.1.0	MIT OR Apache-2.0	registry+https://github.com/rust-lang/crates.io-index
version_check	0.9.5	MIT/Apache-2.0	registry+https://github.com/rust-lang/crates.io-index
wait-timeout	0.2.1	MIT/Apache-2.0	registry+https://github.com/rust-lang/crates.io-index
walkdir	2.5.0	Unlicense/MIT	registry+https://github.com/rust-lang/crates.io-index
wasi	0.11.1+wasi-snapshot-preview1	Apache-2.0 WITH LLVM-exception OR Apache-2.0 OR MIT	registry+https://github.com/rust-lang/crates.io-index
wasip2	1.0.1+wasi-0.2.4	Apache-2.0 WITH LLVM-exception OR Apache-2.0 OR MIT	registry+https://github.com/rust-lang/crates.io-index
wasip3	0.4.0+wasi-0.3.0-rc-2026-01-06	Apache-2.0 WITH LLVM-exception OR Apache-2.0 OR MIT	registry+https://github.com/rust-lang/crates.io-index
wasm-bindgen	0.2.108	MIT OR Apache-2.0	registry+https://github.com/rust-lang/crates.io-index
wasm-bindgen-macro	0.2.108	MIT OR Apache-2.0	registry+https://github.com/rust-lang/crates.io-index
wasm-bindgen-macro-support	0.2.108	MIT OR Apache-2.0	registry+https://github.com/rust-lang/crates.io-index
wasm-bindgen-shared	0.2.108	MIT OR Apache-2.0	registry+https://github.com/rust-lang/crates.io-index
wasm-encoder	0.244.0	Apache-2.0 WITH LLVM-exception OR Apache-2.0 OR MIT	registry+https://github.com/rust-lang/crates.io-index
wasm-metadata	0.244.0	Apache-2.0 WITH LLVM-exception OR Apache-2.0 OR MIT	registry+https://github.com/rust-lang/crates.io-index
wasmparser	0.244.0	Apache-2.0 WITH LLVM-exception OR Apache-2.0 OR MIT	registry+https://github.com/rust-lang/crates.io-index
web-sys	0.3.85	MIT OR Apache-2.0	registry+https://github.com/rust-lang/crates.io-index
web-time	1.1.0	MIT OR Apache-2.0	registry+https://github.com/rust-lang/crates.io-index
winapi	0.3.9	MIT/Apache-2.0	registry+https://github.com/rust-lang/crates.io-index
winapi-i686-pc-windows-gnu	0.4.0	MIT/Apache-2.0	registry+https://github.com/rust-lang/crates.io-index
winapi-util	0.1.11	Unlicense OR MIT	registry+https://github.com/rust-lang/crates.io-index
winapi-x86_64-pc-windows-gnu	0.4.0	MIT/Apache-2.0	registry+https://github.com/rust-lang/crates.io-index
windows-core	0.62.2	MIT OR Apache-2.0	registry+https://github.com/rust-lang/crates.io-index
windows-implement	0.60.2	MIT OR Apache-2.0	registry+https://github.com/rust-lang/crates.io-index
windows-interface	0.59.3	MIT OR Apache-2.0	registry+https://github.com/rust-lang/crates.io-index
windows-link	0.2.1	MIT OR Apache-2.0	registry+https://github.com/rust-lang/crates.io-index
windows-result	0.4.1	MIT OR Apache-2.0	registry+https://github.com/rust-lang/crates.io-index
windows-strings	0.5.1	MIT OR Apache-2.0	registry+https://github.com/rust-lang/crates.io-index
windows-sys	0.59.0	MIT OR Apache-2.0	registry+https://github.com/rust-lang/crates.io-index
windows-sys	0.60.2	MIT OR Apache-2.0	registry+https://github.com/rust-lang/crates.io-index
windows-sys	0.61.2	MIT OR Apache-2.0	registry+https://github.com/rust-lang/crates.io-index
windows-targets	0.52.6	MIT OR Apache-2.0	registry+https://github.com/rust-lang/crates.io-index
windows-targets	0.53.5	MIT OR Apache-2.0	registry+https://github.com/rust-lang/crates.io-index
windows_aarch64_gnullvm	0.52.6	MIT OR Apache-2.0	registry+https://github.com/rust-lang/crates.io-index
windows_aarch64_gnullvm	0.53.1	MIT OR Apache-2.0	registry+https://github.com/rust-lang/crates.io-index
windows_aarch64_msvc	0.52.6	MIT OR Apache-2.0	registry+https://github.com/rust-lang/crates.io-index
windows_aarch64_msvc	0.53.1	MIT OR Apache-2.0	registry+https://github.com/rust-lang/crates.io-index
windows_i686_gnu	0.52.6	MIT OR Apache-2.0	registry+https://github.com/rust-lang/crates.io-index
windows_i686_gnu	0.53.1	MIT OR Apache-2.0	registry+https://github.com/rust-lang/crates.io-index
windows_i686_gnullvm	0.52.6	MIT OR Apache-2.0	registry+https://github.com/rust-lang/crates.io-index
windows_i686_gnullvm	0.53.1	MIT OR Apache-2.0	registry+https://github.com/rust-lang/crates.io-index
windows_i686_msvc	0.52.6	MIT OR Apache-2.0	registry+https://github.com/rust-lang/crates.io-index
windows_i686_msvc	0.53.1	MIT OR Apache-2.0	registry+https://github.com/rust-lang/crates.io-index
windows_x86_64_gnu	0.52.6	MIT OR Apache-2.0	registry+https://github.com/rust-lang/crates.io-index
windows_x86_64_gnu	0.53.1	MIT OR Apache-2.0	registry+https://github.com/rust-lang/crates.io-index
windows_x86_64_gnullvm	0.52.6	MIT OR Apache-2.0	registry+https://github.com/rust-lang/crates.io-index
windows_x86_64_gnullvm	0.53.1	MIT OR Apache-2.0	registry+https://github.com/rust-lang/crates.io-index
windows_x86_64_msvc	0.52.6	MIT OR Apache-2.0	registry+https://github.com/rust-lang/crates.io-index
windows_x86_64_msvc	0.53.1	MIT OR Apache-2.0	registry+https://github.com/rust-lang/crates.io-index
winnow	0.7.14	MIT	registry+https://github.com/rust-lang/crates.io-index
wit-bindgen	0.46.0	Apache-2.0 WITH LLVM-exception OR Apache-2.0 OR MIT	registry+https://github.com/rust-lang/crates.io-index
wit-bindgen	0.51.0	Apache-2.0 WITH LLVM-exception OR Apache-2.0 OR MIT	registry+https://github.com/rust-lang/crates.io-index
wit-bindgen-core	0.51.0	Apache-2.0 WITH LLVM-exception OR Apache-2.0 OR MIT	registry+https://github.com/rust-lang/crates.io-index
wit-bindgen-rust	0.51.0	Apache-2.0 WITH LLVM-exception OR Apache-2.0 OR MIT	registry+https://github.com/rust-lang/crates.io-index
wit-bindgen-rust-macro	0.51.0	Apache-2.0 WITH LLVM-exception OR Apache-2.0 OR MIT	registry+https://github.com/rust-lang/crates.io-index
wit-component	0.244.0	Apache-2.0 WITH LLVM-exception OR Apache-2.0 OR MIT	registry+https://github.com/rust-lang/crates.io-index
wit-parser	0.244.0	Apache-2.0 WITH LLVM-exception OR Apache-2.0 OR MIT	registry+https://github.com/rust-lang/crates.io-index
yaml-rust	0.4.5	MIT/Apache-2.0	registry+https://github.com/rust-lang/crates.io-index
zerocopy	0.8.39	BSD-2-Clause OR Apache-2.0 OR MIT	registry+https://github.com/rust-lang/crates.io-index
zerocopy-derive	0.8.39	BSD-2-Clause OR Apache-2.0 OR MIT	registry+https://github.com/rust-lang/crates.io-index
zlib-rs	0.5.5	Zlib	registry+https://github.com/rust-lang/crates.io-index
zmij	1.0.20	MIT	registry+https://github.com/rust-lang/crates.io-index
