package	version	declared_license	delivery_role	note
@esbuild/aix-ppc64	0.25.12	MIT	development_only	Build or browser-test dependency; no package source is included in ui/dist
@esbuild/android-arm	0.25.12	MIT	development_only	Build or browser-test dependency; no package source is included in ui/dist
@esbuild/android-arm64	0.25.12	MIT	development_only	Build or browser-test dependency; no package source is included in ui/dist
@esbuild/android-x64	0.25.12	MIT	development_only	Build or browser-test dependency; no package source is included in ui/dist
@esbuild/darwin-arm64	0.25.12	MIT	development_only	Build or browser-test dependency; no package source is included in ui/dist
@esbuild/darwin-x64	0.25.12	MIT	development_only	Build or browser-test dependency; no package source is included in ui/dist
@esbuild/freebsd-arm64	0.25.12	MIT	development_only	Build or browser-test dependency; no package source is included in ui/dist
@esbuild/freebsd-x64	0.25.12	MIT	development_only	Build or browser-test dependency; no package source is included in ui/dist
@esbuild/linux-arm	0.25.12	MIT	development_only	Build or browser-test dependency; no package source is included in ui/dist
@esbuild/linux-arm64	0.25.12	MIT	development_only	Build or browser-test dependency; no package source is included in ui/dist
@esbuild/linux-ia32	0.25.12	MIT	development_only	Build or browser-test dependency; no package source is included in ui/dist
@esbuild/linux-loong64	0.25.12	MIT	development_only	Build or browser-test dependency; no package source is included in ui/dist
@esbuild/linux-mips64el	0.25.12	MIT	development_only	Build or browser-test dependency; no package source is included in ui/dist
@esbuild/linux-ppc64	0.25.12	MIT	development_only	Build or browser-test dependency; no package source is included in ui/dist
@esbuild/linux-riscv64	0.25.12	MIT	development_only	Build or browser-test dependency; no package source is included in ui/dist
@esbuild/linux-s390x	0.25.12	MIT	development_only	Build or browser-test dependency; no package source is included in ui/dist
@esbuild/linux-x64	0.25.12	MIT	development_only	Build or browser-test dependency; no package source is included in ui/dist
@esbuild/netbsd-arm64	0.25.12	MIT	development_only	Build or browser-test dependency; no package source is included in ui/dist
@esbuild/netbsd-x64	0.25.12	MIT	development_only	Build or browser-test dependency; no package source is included in ui/dist
@esbuild/openbsd-arm64	0.25.12	MIT	development_only	Build or browser-test dependency; no package source is included in ui/dist
@esbuild/openbsd-x64	0.25.12	MIT	development_only	Build or browser-test dependency; no package source is included in ui/dist
@esbuild/openharmony-arm64	0.25.12	MIT	development_only	Build or browser-test dependency; no package source is included in ui/dist
@esbuild/sunos-x64	0.25.12	MIT	development_only	Build or browser-test dependency; no package source is included in ui/dist
@esbuild/win32-arm64	0.25.12	MIT	development_only	Build or browser-test dependency; no package source is included in ui/dist
@esbuild/win32-ia32	0.25.12	MIT	development_only	Build or browser-test dependency; no package source is included in ui/dist
@esbuild/win32-x64	0.25.12	MIT	development_only	Build or browser-test dependency; no package source is included in ui/dist
@napi-rs/lzma-linux-x64-gnu	1.5.1	MIT	development_only	Build or browser-test dependency; no package source is included in ui/dist
@playwright/test	1.63.0	Apache-2.0	development_only	Build or browser-test dependency; no package source is included in ui/dist
@rollup/rollup-android-arm-eabi	4.63.3	MIT	development_only	Build or browser-test dependency; no package source is included in ui/dist
@rollup/rollup-android-arm64	4.63.3	MIT	development_only	Build or browser-test dependency; no package source is included in ui/dist
@rollup/rollup-darwin-arm64	4.63.3	MIT	development_only	Build or browser-test dependency; no package source is included in ui/dist
@rollup/rollup-darwin-x64	4.63.3	MIT	development_only	Build or browser-test dependency; no package source is included in ui/dist
@rollup/rollup-freebsd-arm64	4.63.3	MIT	development_only	Build or browser-test dependency; no package source is included in ui/dist
@rollup/rollup-freebsd-x64	4.63.3	MIT	development_only	Build or browser-test dependency; no package source is included in ui/dist
@rollup/rollup-linux-arm-gnueabihf	4.63.3	MIT	development_only	Build or browser-test dependency; no package source is included in ui/dist
@rollup/rollup-linux-arm-musleabihf	4.63.3	MIT	development_only	Build or browser-test dependency; no package source is included in ui/dist
@rollup/rollup-linux-arm64-gnu	4.63.3	MIT	development_only	Build or browser-test dependency; no package source is included in ui/dist
@rollup/rollup-linux-arm64-musl	4.63.3	MIT	development_only	Build or browser-test dependency; no package source is included in ui/dist
@rollup/rollup-linux-loong64-gnu	4.63.3	MIT	development_only	Build or browser-test dependency; no package source is included in ui/dist
@rollup/rollup-linux-loong64-musl	4.63.3	MIT	development_only	Build or browser-test dependency; no package source is included in ui/dist
@rollup/rollup-linux-ppc64-gnu	4.63.3	MIT	development_only	Build or browser-test dependency; no package source is included in ui/dist
@rollup/rollup-linux-ppc64-musl	4.63.3	MIT	development_only	Build or browser-test dependency; no package source is included in ui/dist
@rollup/rollup-linux-riscv64-gnu	4.63.3	MIT	development_only	Build or browser-test dependency; no package source is included in ui/dist
@rollup/rollup-linux-riscv64-musl	4.63.3	MIT	development_only	Build or browser-test dependency; no package source is included in ui/dist
@rollup/rollup-linux-s390x-gnu	4.63.3	MIT	development_only	Build or browser-test dependency; no package source is included in ui/dist
@rollup/rollup-linux-x64-gnu	4.63.3	MIT	development_only	Build or browser-test dependency; no package source is included in ui/dist
@rollup/rollup-linux-x64-musl	4.63.3	MIT	development_only	Build or browser-test dependency; no package source is included in ui/dist
@rollup/rollup-openbsd-x64	4.63.3	MIT	development_only	Build or browser-test dependency; no package source is included in ui/dist
@rollup/rollup-openharmony-arm64	4.63.3	MIT	development_only	Build or browser-test dependency; no package source is included in ui/dist
@rollup/rollup-win32-arm64-msvc	4.63.3	MIT	development_only	Build or browser-test dependency; no package source is included in ui/dist
@rollup/rollup-win32-ia32-msvc	4.63.3	MIT	development_only	Build or browser-test dependency; no package source is included in ui/dist
@rollup/rollup-win32-x64-gnu	4.63.3	MIT	development_only	Build or browser-test dependency; no package source is included in ui/dist
@rollup/rollup-win32-x64-msvc	4.63.3	MIT	development_only	Build or browser-test dependency; no package source is included in ui/dist
@types/estree	1.0.9	MIT	development_only	Build or browser-test dependency; no package source is included in ui/dist
esbuild	0.25.12	MIT	development_only	Build or browser-test dependency; no package source is included in ui/dist
fdir	6.5.0	MIT	development_only	Build or browser-test dependency; no package source is included in ui/dist
fsevents	2.3.3	MIT	development_only	Build or browser-test dependency; no package source is included in ui/dist
nanoid	3.3.19	MIT	development_only	Build or browser-test dependency; no package source is included in ui/dist
picocolors	1.1.1	ISC	development_only	Build or browser-test dependency; no package source is included in ui/dist
picomatch	4.0.7	MIT	development_only	Build or browser-test dependency; no package source is included in ui/dist
playwright	1.63.0	Apache-2.0	development_only	Build or browser-test dependency; no package source is included in ui/dist
playwright-core	1.63.0	Apache-2.0	development_only	Build or browser-test dependency; no package source is included in ui/dist
postcss	8.5.28	MIT	development_only	Build or browser-test dependency; no package source is included in ui/dist
rollup	4.63.3	MIT	development_only	Build or browser-test dependency; no package source is included in ui/dist
source-map-js	1.2.1	BSD-3-Clause	development_only	Build or browser-test dependency; no package source is included in ui/dist
tinyglobby	0.2.17	MIT	development_only	Build or browser-test dependency; no package source is included in ui/dist
typescript	5.8.3	Apache-2.0	development_only	Build or browser-test dependency; no package source is included in ui/dist
vite	6.3.5	MIT	shipped	Vite modulepreload helper is present in ui/dist; its full upstream notice ships in FRONTEND_THIRD_PARTY_LICENSES.txt
